id, username
1, Ming
2, Yuhao
3, Tianyue
4, Xiaogang
5, Alex
6, Bob
7, Anthony
8, Elizabeth
9, Travis
10, Elizabeth
11, Courtney
12, Victor
13, Ashley
14, Ryan
15, Alyssa
16, Gary
17, Valerie
18, Michelle
19, Alexander
20, Haley
21, Alyssa
22, Stacy
23, Lauren
24, Eric
25, Paul
26, Shannon
27, Erika
28, Calvin
29, Andre
30, Christopher
31, Shelley
32, David
33, Catherine
34, Charlene
35, Michael
36, Carlos
37, Daniel
38, Jordan
39, Tanya
40, Deborah
41, Jessica
42, April
43, Jacqueline
44, Austin
45, John
46, Casey
47, Robert
48, Amy
49, Anna
50, Denise
51, Sydney
52, Megan
53, Robert
54, Gina
55, Sheila
56, Nicole
57, Timothy
58, Patrick
59, Melissa
60, Stanley
61, Mike
62, Jason
63, Timothy
64, Mary
65, Jennifer
66, Colleen
67, Kimberly
68, Robert
69, Jaclyn
70, Ronald
71, James
72, Michael
73, Daniel
74, Jasmine
75, Katherine
76, Zachary
77, Gloria
78, Brittany
79, John
80, John123
81, Tina
82, Felicia
83, Ashlee
84, Daniel
85, John
86, Edward
87, Kenneth
88, Sean
89, Jonathan
90, Steven
91, Stephanie
92, Crystal
93, Daniel
94, Connor
95, Beth
96, Devin
97, Wayne
98, Jennifer
99, Jordan
100, Christie
101, Michelle
102, David
103, Dennis
104, Phillip
105, Sean
106, Darren
107, Shawn